Year,CIP_Resistance,N
2013,50.0,4
2015,28.57142857142857,7
2019,25.0,8
2020,71.42857142857143,7
2021,37.5,8
2022,33.33333333333333,9
2025,72.22222222222221,18
