Antibiotic,Code,Resistance_Rate,N_Tested
Amikacin,AK,19.402985074626866,67
Ampicillin,AM,90.2439024390244,41
Amoxicillin-Clavulanate,AMC,69.23076923076923,39
Ciprofloxacin,CIP,49.23076923076923,65
Gentamicin,CN,35.55555555555556,45
Ceftriaxone,CRO,64.28571428571429,14
Cefotaxime,CTX,85.71428571428571,14
Imipenem,IPM,15.384615384615385,13
Meropenem,MEM,15.384615384615385,13
Vancomycin,VA,0.0,6
